TeamName,Tempo,RankTempo,AdjTempo,RankAdjTempo,OE,RankOE,AdjOE,RankAdjOE,DE,RankDE,AdjDE,RankAdjDE,EM,RankEM
Duke,71.4714,91,70.9875,107,110.848,9,115.708,3,89.03,9,83.8667,2,31.8411,1
"Saint Joseph's",69.3804,177,69.7157,151,112.093,6,114.178,4,88.5572,5,86.9708,11,27.2071,2
Gonzaga,70.4263,133,70.0517,141,116.189,1,117.059,2,92.7667,43,90.9756,34,26.0832,3
Pittsburgh,62.278,316,62.8225,316,108.691,19,110.859,15,88.277,4,85.3846,4,25.4739,4
Connecticut,72.2787,66,71.824,69,108.872,17,111.352,14,88.6781,7,86.1308,7,25.221,5
"Georgia Tech",74.3378,24,73.5467,28,104.519,58,109.959,20,90.0424,15,85.7086,5,24.25,6
"North Carolina St.",68.13,211,66.9697,254,107.222,25,113.982,5,95.5978,92,90.3465,30,23.6356,7
"Oklahoma St.",69.2597,182,69.2411,180,112.554,3,113.536,7,91.8775,31,90.1137,28,23.4226,8
Kentucky,69.3911,175,69.2142,181,103.876,71,108.001,36,90.0001,14,84.6056,3,23.3954,9
Cincinnati,70.2552,141,69.9043,146,109.282,14,111.688,12,89.4442,10,88.312,15,23.3764,10
Wisconsin,62.4006,314,63.5754,313,109.037,16,110.212,18,90.4373,18,87.049,12,23.1626,11
Stanford,68.4679,199,68.1441,214,108.116,22,108.421,29,88.6078,6,85.8612,6,22.5603,12
"North Carolina",76.0515,9,74.7965,11,106.607,31,112.649,10,96.9225,114,90.1696,29,22.4798,13
"Mississippi St.",71.363,94,71.3315,90,106.212,33,110.181,19,91.3115,23,88.1198,14,22.0616,14
"Wake Forest",74.3739,23,73.3603,30,110.666,10,117.673,1,100.193,190,95.8325,105,21.8404,15
Louisville,71.2945,96,71.0472,105,101.342,101,102.448,91,84.6651,1,81.3094,1,21.1383,16
Texas,70.1418,143,68.782,192,109.703,11,110.477,16,94.1722,66,89.7447,23,20.7324,17
Florida,70.561,125,69.6714,154,108.562,20,112.762,9,96.6396,108,92.7515,55,20.0105,18
Illinois,66.5154,262,66.8265,260,109.443,13,112.191,11,93.9881,61,92.5606,50,19.6299,19
Maryland,75.2524,16,74.4425,17,101.033,106,105.495,61,93.582,54,86.6771,9,18.8179,20
Vanderbilt,69.4186,172,69.1268,184,105.981,37,108.314,30,93.3363,51,89.8538,27,18.4606,21
Nevada,70.9204,111,71.6587,76,106.06,35,107.949,37,92.7849,44,89.5726,21,18.3764,22
Providence,67.8186,224,68.2417,209,104.685,54,108.152,33,94.4819,74,89.8307,26,18.3208,23
Kansas,71.7144,85,71.9985,61,103.894,70,107.171,45,94.8621,80,89.3025,18,17.8684,24
Xavier,66.9575,251,67.3598,242,104.808,52,106.942,49,92.572,39,89.432,20,17.5099,25
"Florida St.",69.5437,163,68.2733,208,100.295,118,104.252,73,91.7735,29,86.7756,10,17.4767,26
"Seton Hall",68.8642,193,69.2919,177,104.1,65,106.921,50,92.8192,45,89.6927,22,17.2286,27
"Western Michigan",70.6214,122,70.4436,129,111.082,7,109.886,21,92.6717,40,92.9409,60,16.945,28
Arizona,78.006,2,77.1494,2,112.293,5,113.681,6,100.847,207,97.396,139,16.2853,29
"South Carolina",68.938,189,68.6534,197,101.978,95,106.968,48,90.5829,19,90.7999,32,16.1677,30
BYU,67.4973,233,68.5128,201,106.046,36,107.808,38,97.0002,117,91.7676,44,16.0401,31
Alabama,67.6388,228,67.6602,231,104.665,57,109.57,22,98.2663,149,93.5991,69,15.9705,32
"Air Force",54.8353,326,55.4033,326,109.463,12,108.615,26,91.9976,33,92.6651,54,15.9496,33
Memphis,70.5496,127,70.4339,130,104.669,56,108.115,34,93.9528,60,92.4271,48,15.6876,34
"Texas Tech",71.0032,108,70.6732,119,103.09,81,105.395,62,93.7496,57,89.762,24,15.6327,35
Syracuse,69.6391,160,69.6122,158,104.036,67,106.496,53,95.4827,91,91.1803,36,15.3156,36
"Utah St.",60.4882,323,61.3087,322,112.68,2,111.357,13,94.5066,76,96.4235,117,14.9337,37
Richmond,65.5178,289,65.7245,294,98.5561,167,101.365,108,89.8757,12,86.5447,8,14.82,38
Utah,61.8319,319,62.5843,318,105.059,50,106.055,58,93.6285,55,91.391,37,14.6636,39
"Michigan St.",65.0606,299,66.4483,277,108.239,21,113.117,8,101.94,241,98.5729,156,14.544,40
Charlotte,73.3155,37,73.2175,34,105.638,42,108.768,25,95.1728,87,94.4161,77,14.3518,41
"Boston College",66.128,270,66.4617,276,102.291,90,105.862,59,94.8511,79,91.6664,40,14.1954,42
UTEP,70.7621,120,71.5876,80,106.702,28,107.065,47,94.7974,78,92.9169,59,14.1478,43
UAB,74.1141,26,73.9718,22,100.473,116,102.086,100,90.2964,17,87.975,13,14.1111,44
"Southern Illinois",68.5427,197,69.3723,174,104.034,68,104.508,71,91.7201,27,90.4994,31,14.009,45
Nebraska,64.7785,304,64.8808,306,107.378,24,108.044,35,94.8683,81,94.4214,78,13.6227,46
"Boise St.",69.1937,184,69.9133,145,104.673,55,106.559,52,96.4356,106,93.2645,66,13.2941,47
"George Washington",71.238,98,71.5112,84,105.606,43,108.473,28,97.6513,131,95.4311,96,13.0419,48
"Notre Dame",67.0289,249,67.6246,235,105.481,44,108.855,24,101.204,219,96.807,120,12.0484,49
Missouri,69.3348,179,69.5586,161,105.233,47,108.479,27,102.758,258,96.855,124,11.6239,50
"Wichita St.",69.1333,186,69.6983,153,102.739,86,104.59,70,93.0686,49,93.0272,62,11.5632,51
DePaul,65.9117,279,66.0545,286,107.213,27,110.418,17,102.013,242,98.9283,168,11.4899,52
Villanova,68.5193,198,69.0889,185,100.991,107,105.196,66,98.6322,154,93.7302,71,11.4657,53
"Murray St.",72.0124,75,71.9825,62,111.071,8,107.218,44,95.7006,95,95.7614,102,11.4565,54
Manhattan,70.0543,146,69.4219,170,105.791,39,103.092,84,90.7225,20,91.6743,41,11.4181,55
"Saint Mary's",71.145,103,70.8786,111,106.104,34,106.124,56,97.2283,123,95.0088,86,11.115,56
Michigan,68.2002,206,69.4308,169,99.9734,126,101.918,105,93.7794,58,90.9094,33,11.0089,57
Purdue,65.2057,291,66.0492,287,98.8046,158,99.9685,134,92.1426,35,88.9983,16,10.9702,58
Washington,76.6612,8,76.4897,4,105.365,45,108.172,32,101.59,230,97.3191,138,10.8525,59
Colorado,71.0823,105,71.3187,91,104.193,63,107.602,42,100.108,185,96.771,119,10.8308,60
"Kent St.",68.1495,210,68.4472,203,105.192,48,103.652,77,94.3416,70,92.8874,58,10.7645,61
"Illinois Chicago",67.2689,240,67.8943,219,103.991,69,103.273,80,92.678,41,92.5748,51,10.6982,62
LSU,66.6862,256,66.6953,266,99.7049,134,103.189,82,95.7056,96,92.6037,53,10.5857,63
Auburn,69.4707,167,69.7016,152,100.13,121,102.039,102,94.0965,63,91.4997,38,10.539,64
Oklahoma,67.0669,248,66.543,274,97.9966,174,99.7675,139,91.6464,26,89.2395,17,10.5279,65
Creighton,66.0184,275,66.9089,259,102.333,88,102.974,85,91.9219,32,92.5885,52,10.3853,66
"Louisiana Lafayette",71.875,76,72.4909,52,106.269,32,106.078,57,97.2285,124,95.8015,103,10.2761,67
Rice,71.3621,95,71.5659,83,102.252,91,105.185,67,95.8043,98,94.9534,85,10.2315,68
Georgia,66.6584,257,66.5241,275,97.7348,179,102.118,99,97.1441,122,92.046,47,10.072,69
UNLV,70.692,121,71.76,73,103.828,72,106.311,55,99.8969,179,96.5687,118,9.74244,70
Dayton,65.069,298,65.384,297,104.075,66,105.174,68,98.1594,145,95.4535,98,9.72038,71
Virginia,73.3192,36,72.3603,54,100.909,109,105.627,60,101.918,240,95.9574,110,9.66947,72
Penn,66.1689,268,66.9276,258,105.75,41,104.392,72,93.7908,59,94.8334,84,9.55842,73
Oregon,71.7955,82,71.6396,78,105.264,46,107.752,40,102.243,248,98.6134,158,9.13863,74
Milwaukee,71.6732,88,72.7203,47,106.609,30,107.651,41,100.38,196,98.7267,164,8.92402,75
Iowa,70.8946,114,71.6552,77,99.2538,145,101.882,106,96.1019,104,92.9972,61,8.88489,76
Detroit,62.8319,313,63.2143,315,102.756,85,101.972,104,94.248,67,93.087,64,8.88459,77
Rutgers,68.6347,196,69.3305,175,96.8664,205,100.542,121,94.8803,82,91.7304,42,8.81141,78
"Saint Louis",64.7751,305,64.763,307,96.098,225,98.1027,170,91.3994,25,89.3646,19,8.73819,79
Pacific,66.1991,266,67.1049,249,103.637,75,103.776,74,95.7616,97,95.1664,89,8.60984,80
VCU,69.4919,165,68.5266,200,100.917,108,100.478,123,91.1664,22,91.9915,46,8.48604,81
Hawaii,67.1901,244,67.6524,232,102.807,83,103.713,75,97.5466,128,95.4198,95,8.29364,82
"Iowa St.",73.0287,43,73.287,32,100.67,111,103.679,76,99.9172,181,95.4174,94,8.26138,83
"Northern Iowa",67.2646,242,68.2335,210,101.371,99,102.893,86,95.6511,93,94.7139,81,8.17933,84
"Troy St.",73.0824,41,71.45,86,112.493,4,109.054,23,99.0268,164,101.195,203,7.85952,85
"East Tennessee St.",77.4588,5,76.4786,5,100.373,117,99.4126,144,90.1931,16,91.5625,39,7.85016,86
"Kansas St.",69.1584,185,68.8367,191,99.094,152,99.5769,142,94.0674,62,91.7617,43,7.8152,87
Tennessee,69.8064,155,69.4821,167,102.325,89,105.358,63,102.293,250,97.6849,144,7.67279,88
"Rhode Island",68.1082,213,68.0561,215,99.7507,132,99.9182,137,94.3811,72,92.4348,49,7.48338,89
"Fresno St.",61.4286,321,62.0863,320,99.9212,127,102.329,95,98.5499,151,95.5085,99,6.82087,90
Temple,63.6715,311,64.2476,310,100.639,113,103.615,78,100.003,183,96.8293,121,6.78548,91
"Southwest Missouri St.",66.0674,273,66.9835,252,98.8984,155,100.475,124,94.3034,69,93.9116,72,6.56333,92
"George Mason",72.4652,56,71.5702,82,99.1228,151,99.4395,143,93.5703,53,93.0417,63,6.39774,93
Arkansas,69.8191,154,69.6302,157,97.6081,181,100.405,126,97.8312,135,94.199,74,6.20597,94
Drexel,70.87,115,70.7589,113,102.198,92,102.08,101,94.5008,75,96.0962,111,5.98343,95
Indiana,65.8779,280,66.9625,255,97.0631,198,100.579,119,100.936,211,94.7845,82,5.79464,96
Marquette,68.025,218,67.7169,227,104.46,59,107.766,39,101.601,231,102.081,227,5.68559,97
UCF,67.7698,226,66.5855,270,103.594,76,99.1925,148,91.8321,30,93.5123,68,5.68014,98
California,68.1515,209,67.8486,222,97.3464,188,99.362,146,98.1037,141,93.6911,70,5.67092,99
"Austin Peay",65.8531,281,65.8012,291,97.6672,180,95.3834,228,92.8873,48,89.8007,25,5.58279,100
"Old Dominion",72.663,52,72.4573,53,99.824,130,100.496,122,95.0198,84,95.0496,88,5.44677,101
Princeton,59.5681,324,60.2179,325,103.313,80,102.229,97,94.1367,65,96.8522,123,5.37719,102
Belmont,68.0722,216,67.1994,246,104.239,62,101.257,109,94.3504,71,95.904,108,5.35352,103
Toledo,73.0783,42,73.1775,36,104.791,53,105.253,65,102.291,249,100.142,183,5.11108,104
"West Virginia",65.6965,285,65.9846,288,98.276,170,101.119,110,99.8805,178,96.1474,113,4.97156,105
Clemson,70.3862,134,68.9963,188,92.0497,283,97.789,176,100.147,188,92.8866,57,4.90238,106
Buffalo,72.3047,64,72.7084,49,104.309,60,103.594,79,98.7724,157,98.7042,160,4.8895,107
"San Diego St.",69.9639,150,70.4897,126,99.2454,146,100.657,118,100.782,206,95.9364,109,4.72098,108
Niagara,73.599,30,73.356,31,108.703,18,106.6,51,99.7243,176,101.903,224,4.6965,109
Northwestern,62.2896,315,63.3712,314,98.594,164,101.008,112,100.616,202,96.3503,115,4.65768,110
Wyoming,70.3596,136,71.2353,99,99.0222,154,100.14,132,98.0181,139,95.52,100,4.61986,111
"New Mexico",65.1192,294,65.8081,290,104.14,64,105.253,64,103.018,263,100.779,190,4.47408,112
"East Carolina",70.4339,131,69.7641,150,97.981,176,99.9039,138,94.3814,73,95.4384,97,4.46549,113
Fairfield,66.9606,250,66.4287,278,99.1542,149,97.5097,178,93.4456,52,93.0896,65,4.42005,114
"Miami FL",69.9681,149,69.419,171,99.6825,135,102.205,98,97.0673,119,98.0561,149,4.14884,115
"Boston University",65.8377,282,66.7885,263,101.048,105,98.9094,155,88.9554,8,94.8325,83,4.07689,116
"Western Kentucky",69.3517,178,69.6468,156,105.763,40,107.102,46,102.685,256,103.101,250,4.00184,117
"UC Santa Barbara",65.5207,288,66.2886,283,99.6717,137,98.2959,166,95.1886,89,94.5505,79,3.74542,118
"College of Charleston",72.2565,68,71.3148,92,101.405,98,100.976,113,94.2883,68,97.2316,135,3.74435,119
"Miami OH",62.2576,317,62.7446,317,99.2282,147,99.602,141,98.2044,147,95.8812,107,3.72077,120
IUPUI,67.7769,225,68.1858,212,109.233,15,106.465,54,103.568,274,102.751,243,3.71439,121
"UNC Wilmington",64.3554,309,63.6992,312,94.7439,254,94.8087,235,91.3392,24,91.1093,35,3.69944,122
"Louisiana Tech",68.8834,191,69.0886,186,95.3625,238,97.718,177,96.0953,103,94.1251,73,3.59298,123
"Eastern Washington",68.0581,217,67.6872,230,101.818,96,102.009,103,98.7802,158,98.4861,155,3.52323,124
Mississippi,66.2495,265,66.3194,282,95.5273,234,98.5781,161,98.672,155,95.2207,91,3.35737,125
"Washington St.",61.2566,322,60.7166,323,93.772,265,96.0249,213,97.2956,125,92.7546,56,3.27026,126
Pepperdine,72.9844,44,73.2102,35,107.22,26,108.271,31,107.787,316,105.184,286,3.08693,127
"Colorado St.",70.4307,132,71.2451,98,97.1772,192,99.9671,135,101.556,228,97.1087,133,2.85842,128
USC,74.8773,20,74.4521,16,98.3271,169,100.153,131,103.075,268,97.5589,142,2.59444,129
"Virginia Tech",69.6898,156,69.9375,144,94.8986,252,97.169,189,96.7566,110,94.6176,80,2.55138,130
Georgetown,71.093,104,71.4693,85,93.6774,266,94.4812,241,92.6929,42,91.9344,45,2.54679,131
Butler,59.4463,325,60.4476,324,102.112,93,102.433,92,99.3163,171,99.9137,181,2.51923,132
"Georgia St.",70.1145,144,69.3821,173,103.48,78,99.6358,140,97.0749,120,97.7086,145,1.92718,133
"Middle Tennessee",68.4058,200,68.6931,195,99.4146,140,98.8654,156,98.0596,140,96.9693,128,1.89612,134
"Ball St.",69.5556,162,69.9732,143,99.3074,143,99.0218,151,100.332,195,97.2634,136,1.75843,135
Minnesota,69.2507,183,70.4621,128,99.0672,153,100.272,128,102.086,244,98.752,165,1.51969,136
"Arizona St.",72.3376,62,71.9373,65,101.36,100,103.257,81,104.96,295,101.796,220,1.46141,137
"Stephen F. Austin",68.3,202,67.1271,247,100.494,115,95.757,220,89.9727,13,94.3651,76,1.39184,138
UCLA,67.5238,232,67.2466,245,96.612,215,98.2994,165,101.619,232,96.9505,125,1.34895,139
Hofstra,71.7983,81,71.2864,93,98.7292,161,100.863,116,99.1912,168,99.5303,175,1.33307,140
SMU,65.7057,284,65.905,289,97.1629,193,101.033,111,103.028,264,99.7175,179,1.31521,141
"Oral Roberts",72.0274,73,71.933,66,106.651,29,104.902,69,104.08,284,103.61,260,1.29116,142
Davidson,72.6091,53,71.0727,103,97.4243,185,98.9142,154,97.8021,133,97.6757,143,1.23845,143
"Georgia Southern",77.9643,3,76.2977,8,100.041,125,97.0869,190,92.4924,37,95.8703,106,1.21662,144
Chattanooga,72.3216,63,70.8846,110,107.95,23,107.308,43,105.605,300,106.284,297,1.024,145
Valparaiso,72.707,50,73.0157,40,98.7544,160,96.2868,210,97.4824,127,95.4171,93,0.869684,146
Duquesne,69.8522,151,70.6881,118,99.2909,144,99.9279,136,101.085,215,99.1154,170,0.812463,147
UMKC,69.5282,164,69.5218,162,104.988,51,101.751,107,99.7144,175,100.942,195,0.808582,148
"Oregon St.",72.4635,57,71.8142,70,96.0485,228,98.0779,171,100.12,186,97.3153,137,0.762576,149
"Arkansas Little Rock",69.4183,173,69.4029,172,99.6131,138,96.8164,199,94.6224,77,96.1013,112,0.715093,150
Delaware,72.6786,51,72.3116,57,95.3006,243,94.9726,233,93.6971,56,94.3129,75,0.659702,151
Idaho,65.7578,283,66.4234,279,95.5883,233,95.7733,219,97.3382,126,95.5831,101,0.190243,152
TCU,69.4507,169,69.2786,178,96.0803,226,98.4888,162,101.114,216,98.3441,153,0.144745,153
"Santa Clara",64.9306,302,65.0934,302,98.4998,168,98.2689,168,101.327,221,98.1301,151,0.138731,154
Tulsa,70.2754,140,70.6998,117,95.4703,235,97.2285,187,100.309,193,97.1586,134,0.0698455,155
Drake,71.2002,102,71.7636,72,95.3421,240,96.9613,196,98.2407,148,96.995,129,-0.0336568,156
"Ohio St.",65.5238,287,66.3951,280,99.9023,128,103.137,83,104.586,291,103.181,253,-0.0442658,157
Akron,68.8713,192,68.6948,194,102.806,84,102.587,88,103.516,272,102.643,241,-0.0559151,158
"Green Bay",66.4173,263,66.9297,257,97.2835,189,96.6822,201,97.8629,137,96.9638,126,-0.281599,159
Portland,69.9755,148,69.8271,149,98.6722,162,100.543,120,104.071,283,100.888,194,-0.345219,160
"Arkansas St.",70.3761,135,70.2235,136,102.03,94,100.721,117,98.1338,144,101.111,202,-0.389963,161
Bradley,69.4684,168,70.1584,138,94.0418,259,94.7891,236,96.8722,113,95.3441,92,-0.555055,162
"Weber St.",65.0941,296,64.8826,305,103.38,79,102.374,93,103.042,265,103.072,248,-0.698559,163
"Saint Peter's",72.0136,74,71.629,79,103.75,74,102.85,87,102.911,260,103.652,263,-0.802041,164
"New Orleans",68.1819,207,68.2958,207,97.9409,177,98.1223,169,100.429,198,99.0889,169,-0.966633,165
"Holy Cross",66.0763,271,67.0026,251,94.9628,250,92.4692,272,87.5049,3,93.4434,67,-0.974234,166
Furman,71.7668,83,70.565,124,100.264,119,97.3386,183,95.1507,86,98.3528,154,-1.01428,167
Oakland,73.249,38,72.9953,41,99.8095,131,99.4098,145,101.312,220,100.475,187,-1.06555,168
"Birmingham Southern",67.9766,220,67.7598,226,105.915,38,102.329,96,96.0122,102,103.455,257,-1.12625,169
"Wright St.",66.0241,274,66.6543,268,100.603,114,100.214,129,102.166,247,101.413,210,-1.19929,170
Vermont,66.5654,259,67.3109,244,99.6764,136,97.341,182,93.2128,50,98.5878,157,-1.24689,171
"San Francisco",68.0917,214,68.4299,204,93.9386,262,96.2975,209,100.195,191,97.5536,141,-1.25609,172
"Bowling Green",69.2728,181,69.5146,164,100.057,124,99.9994,133,102.659,255,101.263,207,-1.26385,173
"Mississippi Valley St.",69.448,170,68.6906,196,98.6227,163,93.8258,252,85.7018,2,95.1877,90,-1.36189,174
"Southern Miss",67.5673,230,67.3169,243,93.1026,274,96.5404,203,99.9883,182,97.9841,148,-1.44366,175
Centenary,66.8972,252,66.8003,262,101.528,97,99.0001,153,100.881,208,100.463,186,-1.46271,176
"Cal St. Northridge",69.3828,176,70.59,123,96.8042,207,96.3692,208,99.2195,169,98.0736,150,-1.70438,177
Denver,68.3216,201,68.5869,199,100.098,122,99.3026,147,101.079,214,101.032,198,-1.72925,178
"Illinois St.",64.5483,307,65.3821,298,95.1391,246,96.964,195,101.116,217,98.8545,167,-1.89053,179
Marshall,71.7402,84,71.6878,74,96.5246,217,97.3117,185,102.578,254,99.2574,171,-1.94567,180
"Loyola Marymount",70.4744,130,70.3478,132,94.6087,255,93.3302,262,97.7697,132,95.8235,104,-2.4933,181
Liberty,70.81,119,70.5915,122,96.6842,211,94.3351,243,94.1302,64,97.0663,132,-2.73127,182
"Northern Arizona",74.1615,25,73.4519,29,99.523,139,98.0599,172,100.893,210,100.986,197,-2.92603,183
American,66.6866,255,67.0789,250,100.855,110,98.7097,158,96.7112,109,101.639,215,-2.92967,184
Ohio,67.4729,234,67.8029,224,96.3123,222,96.554,202,100.683,205,99.5596,177,-3.00557,185
"La Salle",67.2332,243,67.6447,233,96.2422,223,98.3602,163,103.909,282,101.475,211,-3.11465,186
"South Alabama",66.8719,253,66.8084,261,97.6042,182,98.671,160,101.827,238,101.84,223,-3.16915,187
Massachusetts,69.4709,166,69.6635,155,97.0075,201,99.0131,152,103.893,281,102.3,233,-3.28642,188
Monmouth,69.83,153,69.5885,159,97.9891,175,94.0809,247,95.3313,90,97.5369,140,-3.45599,189
"Indiana St.",63.0804,312,63.8394,311,91.863,286,92.7544,267,98.1627,146,96.2388,114,-3.48432,190
"UC Riverside",68.1254,212,68.9453,189,97.1228,197,97.2196,188,102.094,245,100.785,191,-3.565,191
"Southeastern Louisiana",71.4136,93,70.3759,131,101.125,103,97.4188,180,97.0428,118,101.234,206,-3.81524,192
"Eastern Kentucky",70.8513,116,70.3173,134,101.148,102,98.2894,167,101.488,225,102.106,229,-3.81698,193
"Loyola Chicago",72.3423,61,73.0442,38,95.2692,244,96.4446,205,103.108,269,100.302,184,-3.85708,194
Yale,66.5496,260,66.659,267,96.4315,220,95.8496,216,98.4602,150,99.798,180,-3.94837,195
"New Mexico St.",66.1567,269,66.7722,265,97.1278,196,94.7474,237,99.7339,177,98.7225,163,-3.97512,196
"UC Irvine",64.3589,308,65.1037,301,96.4478,219,97.0093,193,101.537,226,101.11,201,-4.10029,197
"Sacramento St.",72.7515,48,72.8018,43,95.4027,237,94.1296,245,97.8368,136,98.2335,152,-4.1039,198
Northeastern,75.5759,12,76.3509,6,99.3389,142,98.3565,164,97.0781,121,102.472,236,-4.11518,199
Brown,72.8826,45,73.6096,26,97.1464,194,97.426,179,99.0783,166,101.545,213,-4.11859,200
"Texas A&M",70.5302,128,70.2433,135,99.8301,129,100.926,115,106.716,307,105.141,284,-4.21468,201
"Cal St. Fullerton",69.6225,161,70.4766,127,98.7907,159,98.7093,159,103.56,273,102.932,247,-4.22262,202
"Cal Poly",72.0603,72,73.1732,37,96.6272,213,96.9561,197,101.41,222,101.211,204,-4.25483,203
Iona,73.3338,34,72.7144,48,97.4482,184,97.3273,184,101.122,218,101.598,214,-4.27086,204
"Morehead St.",70.5096,129,70.6242,120,105.091,49,102.341,94,108.715,319,106.624,300,-4.28296,205
Maine,68.2142,205,69.267,179,97.0254,200,94.2827,244,92.3478,36,98.623,159,-4.34029,206
Bucknell,66.267,264,67.4612,237,96.061,227,92.648,269,92.0231,34,97.0139,131,-4.36594,207
"UT Arlington",70.3264,137,69.2949,176,100.659,112,99.0975,149,100.023,184,103.616,261,-4.51831,208
Evansville,69.4125,174,70.5048,125,96.7839,209,100.462,125,106.609,306,105.012,281,-4.55018,209
"Portland St.",70.0652,145,69.5742,160,93.9164,263,92.4624,273,96.852,112,97.0129,130,-4.55046,210
"St. John's",68.2461,204,68.6474,198,89.8438,297,94.1115,246,102.777,259,98.713,162,-4.60157,211
"Eastern Michigan",71.8661,77,72.1125,58,96.0038,229,94.8258,234,100.568,200,99.544,176,-4.71824,212
"South Florida",66.7042,254,66.6188,269,92.0488,284,95.8581,215,103.056,266,100.716,188,-4.8579,213
Lafayette,70.604,123,71.4051,88,103.575,77,102.55,89,101.662,234,107.445,309,-4.8959,214
"North Texas",72.5491,54,72.7614,46,97.2438,191,96.4425,207,101.453,223,101.389,209,-4.9469,215
"Appalachian St.",74.9479,19,73.7981,24,91.6141,289,91.3355,284,97.6405,129,96.3961,116,-5.0606,216
"Texas A&M Corpus Chris",71.5739,90,71.5706,81,97.8729,178,97.2809,186,100.159,189,102.396,234,-5.11524,217
Houston,65.0982,295,64.8858,304,88.5341,305,89.8856,293,96.9622,116,95.0213,87,-5.13567,218
Siena,71.8358,79,71.2512,96,96.4525,218,95.5796,224,99.382,173,100.806,192,-5.22606,219
"Montana St.",70.8975,113,70.3264,133,95.0157,248,92.5289,271,96.4925,107,97.8258,146,-5.29688,220
"Southeast Missouri St.",67.358,238,67.5407,236,104.297,61,102.452,90,107.63,315,107.837,314,-5.38561,221
"Northern Illinois",68.1755,208,68.1771,213,97.2564,190,96.9717,194,103.69,278,102.458,235,-5.48633,222
"South Carolina St.",68.8625,194,68.7725,193,100.138,120,97.0181,192,94.9404,83,102.551,240,-5.53276,223
Lehigh,67.2687,241,67.893,220,96.8744,204,94.0598,248,92.8501,46,99.7152,178,-5.65539,224
Tulane,71.0681,107,70.728,116,91.6368,288,93.5848,255,98.96,163,99.4509,174,-5.86609,225
"Fairleigh Dickinson",68.0126,219,67.8383,223,99.7386,133,95.811,217,98.7988,160,101.762,218,-5.95136,226
Cornell,71.0816,106,71.8322,68,98.1389,172,95.9256,214,99.1377,167,102.142,230,-6.21619,227
Winthrop,66.0016,276,66.1297,284,98.8518,156,95.711,222,97.8142,134,101.954,225,-6.24291,228
Rider,68.2916,203,68.0264,216,98.1784,171,95.4293,227,99.3457,172,101.675,216,-6.24593,229
"Central Connecticut",67.9182,221,67.9183,217,102.416,87,97.8711,174,100.617,203,104.128,269,-6.25705,230
"Chicago St.",65.9542,277,66.565,273,97.1335,195,96.9029,198,106.78,309,103.334,255,-6.43156,231
"Tennessee Tech",71.7034,86,71.2719,94,102.918,82,100.198,130,107.993,317,106.677,303,-6.47883,232
"William & Mary",71.8647,78,71.4356,87,99.1385,150,100.968,114,105.954,302,107.486,311,-6.51843,233
"UNC Greensboro",72.8275,47,71.3562,89,98.8397,157,97.9957,173,102.932,261,104.554,276,-6.5585,234
"Jacksonville St.",70.9514,110,71.1095,102,103.76,73,100.32,127,104.405,287,106.915,305,-6.59553,235
"McNeese St.",75.8146,10,74.7101,13,96.7591,210,95.1034,232,100.589,201,101.82,222,-6.71697,236
Montana,71.5966,89,71.0218,106,95.075,247,95.1983,231,102.379,252,101.964,226,-6.76613,237
"Penn St.",65.1646,293,66.5732,272,88.9156,303,91.8442,278,102.73,257,98.7113,161,-6.86708,238
Canisius,70.3126,138,70.0198,142,96.9858,202,96.0352,212,101.642,233,102.913,245,-6.87799,239
"Western Carolina",73.5347,32,71.8011,71,94.545,256,93.843,251,99.0352,165,100.727,189,-6.88441,240
"Florida Atlantic",75.329,15,74.5576,15,99.2139,148,95.4532,226,101.078,213,102.49,237,-7.0366,241
"St. Francis NY",72.3743,60,72.3415,55,98.1013,173,93.8067,253,96.0075,101,100.848,193,-7.04116,242
Mercer,71.8016,80,70.8888,109,98.565,166,98.7618,157,105.956,303,105.82,292,-7.05833,243
"Coastal Carolina",70.5516,126,70.1171,139,96.6265,214,94.0165,250,96.4324,105,101.095,200,-7.07813,244
"San Jose St.",63.9168,310,64.3912,309,92.7339,278,95.282,229,105.027,296,102.492,238,-7.20994,245
"Coppin St.",65.169,292,65.1717,300,93.6129,267,90.7388,292,92.5115,38,97.9803,147,-7.24153,246
Baylor,64.8558,303,64.5409,308,94.8508,253,97.0466,191,107.315,313,104.352,274,-7.30568,247
UTSA,72.3035,65,71.8889,67,97.5063,183,94.4488,242,98.5814,152,101.801,221,-7.35172,248
"Youngstown St.",69.6709,157,70.7438,114,92.8702,276,93.2251,263,103.63,276,101.229,205,-8.00416,249
"Texas Pan American",71.4679,92,71.2506,97,93.1158,273,91.1844,286,100.977,212,99.2619,172,-8.07753,250
"Tennessee Martin",72.4915,55,72.0594,59,96.7842,208,95.7271,221,105.215,298,104.207,270,-8.47952,251
"Delaware St.",62.0712,318,62.3916,319,97.4191,186,95.4547,225,98.7008,156,104.045,268,-8.58999,252
Elon,70.9772,109,69.0531,187,94.2181,257,94.5038,240,102.461,253,103.099,249,-8.59555,253
"St. Bonaventure",72.1124,69,72.5585,51,93.5164,269,96.4937,204,109.509,321,105.494,288,-8.99998,254
Samford,61.7504,320,61.916,321,96.9738,203,95.2018,230,106.721,308,104.329,271,-9.12723,255
"Texas St.",67.5451,231,66.7773,264,100.076,123,97.8326,175,103.65,277,106.969,306,-9.13609,256
"High Point",73.1881,39,72.6961,50,95.606,231,93.0408,265,95.6746,94,102.253,231,-9.21221,257
"Northwestern St.",77.2832,6,76.17,9,93.3658,271,91.7017,280,99.5197,174,101.089,199,-9.3877,258
Binghamton,67.0929,247,67.7069,229,89.266,300,87.4207,305,92.8686,47,96.8302,122,-9.40951,259
"Southern Utah",65.0704,297,65.7607,292,96.6729,212,96.4442,206,108.923,320,105.917,294,-9.47294,260
"Idaho St.",73.4737,33,73.239,33,96.3713,221,97.414,181,106.165,304,107.037,307,-9.62324,261
Fordham,69.8319,152,70.2127,137,88.4298,306,91.9547,276,105.726,301,101.796,219,-9.84099,262
"Tennessee St.",70.6024,124,69.888,147,98.5753,165,99.0777,150,111.109,325,108.925,322,-9.84691,263
"James Madison",68.083,215,67.714,228,94.9513,251,95.6346,223,104.902,294,105.632,290,-9.99719,264
Columbia,70.8306,118,71.2654,95,92.6288,279,91.1842,287,98.8572,162,101.536,212,-10.3517,265
"Alabama St.",66.0679,272,65.2737,299,92.8146,277,89.8163,294,91.742,28,100.308,185,-10.4913,266
"Florida A&M",75.0175,18,74.6996,14,96.1043,224,93.089,264,97.973,138,103.622,262,-10.5333,267
"St. Francis PA",67.4272,235,67.3716,241,99.3778,141,95.7896,218,103.844,280,106.616,299,-10.8264,268
Hampton,72.0733,71,72.0148,60,95.3386,241,93.4275,260,97.647,130,104.416,275,-10.9881,269
"Robert Morris",67.1397,246,66.9712,253,101.053,104,96.7267,200,105.197,297,107.844,315,-11.1174,270
"Mount St. Mary's",69.0467,187,68.3534,205,95.2612,245,92.7713,266,100.423,197,103.967,266,-11.1952,271
"Central Michigan",74.0144,27,74.4141,19,92.3558,280,93.5167,258,107.311,312,104.726,278,-11.2089,272
Stetson,70.2273,142,69.1912,183,94.1516,258,91.3187,285,102.981,262,102.541,239,-11.2226,273
"Sam Houston St.",75.3417,14,73.8529,23,95.8689,230,94.0193,249,103.068,267,105.255,287,-11.2355,274
Wagner,69.6513,159,69.5212,163,95.4431,236,91.5976,282,100.517,199,103.112,251,-11.5146,275
"Louisiana Monroe",73.0921,40,71.9739,63,90.2619,293,89.3967,296,100.272,192,100.983,196,-11.5868,276
"Gardner Webb",70.2819,139,69.2089,182,93.9659,261,93.3694,261,104.323,286,105.036,282,-11.6663,277
Colgate,67.2913,239,67.8967,218,97.0279,199,94.7233,238,101.826,237,106.533,298,-11.81,278
Towson,67.6496,227,67.4328,239,89.9789,296,90.8102,291,102.045,243,102.709,242,-11.899,279
"San Diego",72.4095,58,72.7742,45,93.4154,270,96.2774,211,111.249,326,108.186,317,-11.9088,280
"Eastern Illinois",71.2141,99,71.6811,75,93.2358,272,91.4287,283,105.322,299,103.339,256,-11.9107,281
"Sacred Heart",75.7609,11,75.6047,10,96.8543,206,93.5617,256,101.544,227,105.689,291,-12.1273,282
Lamar,78.8596,1,78.009,1,95.3195,242,92.6384,270,101.663,235,104.91,280,-12.2717,283
"Cleveland St.",72.3986,59,73.0317,39,88.2159,307,89.0913,300,103.771,279,101.366,208,-12.2743,284
UMBC,65.5839,286,66.5836,271,91.26,290,89.3098,297,96.7697,111,101.721,217,-12.4109,285
IPFW,67.1832,245,67.4375,238,91.2222,291,93.5365,257,108.319,318,106.092,295,-12.5554,286
Jacksonville,71.6861,87,71.0591,104,96.5479,216,93.4714,259,104.122,285,106.182,296,-12.7109,287
Radford,70.0027,147,69.8645,148,93.8415,264,91.1521,288,98.8088,161,103.971,267,-12.8189,288
Wofford,75.5436,13,74.1145,21,93.6052,268,94.6626,239,107.363,314,107.526,312,-12.8634,289
Southern,72.8573,46,71.9688,64,95.3449,239,91.9119,277,95.8909,100,105.127,283,-13.2147,290
"Long Beach St.",67.8335,223,68.9453,190,91.7964,287,92.2404,275,107.196,311,105.546,289,-13.3051,291
Hartford,67.5732,229,68.2171,211,92.1899,281,91.0993,289,100.891,209,104.674,277,-13.5749,292
"Jackson St.",72.7332,49,72.3364,56,86.2617,317,83.3745,317,89.7728,11,96.9675,127,-13.593,293
"New Hampshire",66.6535,258,67.3844,240,90.1011,295,89.2958,298,96.9263,115,102.89,244,-13.5944,294
Marist,69.3165,180,68.4582,202,89.0896,302,88.4333,303,101.487,224,102.287,232,-13.8533,295
"Stony Brook",65.9279,278,66.9598,256,93.0825,275,91.7378,279,100.315,194,105.869,293,-14.131,296
"Morgan St.",70.8385,117,71.173,100,95.5896,232,92.6731,268,99.9161,180,107.408,308,-14.7345,297
"Texas Southern",73.5592,31,72.7832,44,89.1009,301,84.4649,313,90.9998,21,99.4359,173,-14.971,298
Quinnipiac,73.6367,28,73.5576,27,97.3659,187,93.7681,254,104.757,293,108.836,321,-15.0682,299
"Grambling St.",73.3246,35,72.9406,42,89.6482,298,89.159,299,98.1217,143,104.352,273,-15.1931,300
"Alabama A&M",74.4168,22,73.7179,25,93.9786,260,90.8583,290,98.6094,153,106.827,304,-15.9686,301
"Norfolk St.",67.8524,222,67.7657,225,90.6109,292,87.2701,306,95.1869,88,103.288,254,-16.0177,302
"LIU Brooklyn",74.8307,21,74.7845,12,92.0803,282,88.7332,301,100.657,204,104.798,279,-16.0646,303
"Western Illinois",71.2125,100,70.9483,108,92.033,285,91.6678,281,109.779,323,108.487,318,-16.8188,304
"UNC Asheville",68.919,190,68.3234,206,89.593,299,89.7022,295,104.471,289,106.625,301,-16.9224,305
Lipscomb,70.9133,112,70.0557,140,94.9872,249,92.436,274,109.742,322,109.508,324,-17.0722,306
Harvard,73.6126,29,74.4164,18,86.5757,314,85.6375,309,102.336,251,103.121,252,-17.4833,307
"Charleston Southern",64.759,306,64.8961,303,87.4409,309,85.7928,308,100.141,187,103.607,259,-17.8139,308
Albany,65.3851,290,66.11,285,86.7982,312,83.664,316,98.7973,159,102.92,246,-19.2563,309
Howard,68.9625,188,69.485,166,87.1,310,82.79,318,95.0573,85,102.099,228,-19.309,310
FIU,66.5282,261,66.3279,281,80.5963,321,79.7474,321,101.82,236,99.9805,182,-20.233,311
"Alcorn St.",71.2647,97,70.7391,115,90.1786,294,88.5661,302,101.891,239,109.127,323,-20.561,312
"Bethune Cookman",67.4097,237,67.6405,234,86.4069,315,84.8869,312,98.1075,142,106.672,302,-21.7855,313
Campbell,77.6102,4,76.3243,7,88.7672,304,87.8576,304,109.895,324,109.821,325,-21.9633,314
"Loyola MD",69.6616,158,69.4888,165,86.397,316,84.9922,311,106.79,310,108.101,316,-23.1086,315
"Savannah St.",75.0184,17,74.2828,20,79.9693,322,81.1288,320,104.747,292,104.334,272,-23.205,316
"Nicholls St.",72.2717,67,70.5984,121,86.9623,311,85.4965,310,106.414,305,108.821,320,-23.3244,317
"The Citadel",69.4318,171,67.8531,221,81.0547,319,81.7383,319,104.409,288,105.167,285,-23.4284,318
Dartmouth,64.9904,300,65.7348,293,86.0445,318,83.757,315,104.506,290,107.477,310,-23.7204,319
"Prairie View A&M",71.21,101,70.7971,112,86.583,313,84.4376,314,102.166,246,108.55,319,-24.1123,320
VMI,67.4173,236,67.1054,248,81.0249,320,79.7065,322,101.574,229,103.895,265,-24.1889,321
"Maryland Eastern Shore",66.1886,267,65.7041,295,87.6801,308,85.947,307,103.119,270,110.381,326,-24.4343,322
Navy,68.6834,195,69.4803,168,79.2297,323,77.4269,323,103.602,275,103.483,258,-26.0556,323
"North Carolina A&T",77.1354,7,76.7675,3,74.7479,325,72.6107,325,95.8665,99,98.8159,166,-26.2052,324
Army,64.9355,301,65.4739,296,75.7548,324,74.2862,324,99.2525,170,103.847,264,-29.5613,325
"Arkansas Pine Bluff",72.0773,70,71.1481,101,73.0731,326,72.1148,326,103.506,271,107.555,313,-35.4404,326
